chromosome,position,reference,alternative,quality_score,read_depth,allele_frequency
chr4,44994571,T,G,77.12740347643108,175,0.9484790133471361
chr5,37346859,T,T,59.43902314628566,140,0.5644300516010234
chr3,12309411,A,T,15.19669466822564,165,0.5141721011850963
chr5,40302467,A,G,71.2680303664437,193,0.09335525777945627
chr5,38944452,G,A,52.01038695080691,99,0.5478953455117478
chr2,3681719,G,A,13.10151334825,103,0.38237949738608673
chr3,32772452,A,C,97.26469541632858,22,0.6049925752659054
chr3,18667911,G,A,95.42009287804964,75,0.39095182091901576
chr3,47137470,A,C,56.16121745324778,46,0.2454931409813594
chr5,25144880,C,A,18.430517863531918,186,0.10306596972380896
chr4,28580296,T,A,77.91590994387326,75,0.3186200756971178
chr3,10688053,T,T,54.27379900951561,45,0.10471193760199722
chr5,9887324,G,C,37.22027304604419,191,0.18335901180750427
chr2,46084109,A,A,54.22763597757011,35,0.977589435407955
chr4,16863509,A,C,57.0199730864918,84,0.44522148576848625
chr2,20053322,G,T,60.64405291201053,117,0.5312343311749163
chr4,17591661,A,T,49.710134228979385,177,0.8661461581624711
chr5,7575716,C,C,64.51797728251509,52,0.985657522480874
chr1,3002324,T,T,92.68612395457396,159,0.5810601603577878
chr4,40816537,G,G,42.604127838873204,157,0.8062243446232882
chr2,47270061,G,G,75.31448168979541,17,0.3304022038499418
chr5,41225750,A,T,90.5007301141809,38,0.3096290782983453
chr4,18271808,G,G,51.03813481839432,49,0.404649646574669
chr1,46188926,C,A,49.91102527437137,167,0.6690571174201762
chr1,14799990,A,C,64.19052868193016,137,0.6785478554699967
chr3,38132658,A,A,63.22660834802393,93,0.3189346459564618
chr3,36981972,A,C,82.59304080936494,125,0.14054572565389611
chr2,19492846,A,T,52.883504540046346,192,0.6297483313361983
chr4,34872840,C,A,99.6510654675497,153,0.13575934494498923
chr4,43411316,A,T,15.35244119805527,183,0.5769226580647435
chr3,31375048,G,T,10.285106372263156,71,0.6895536854951828
chr4,11543305,C,C,67.61784804036614,16,0.6965992664665626
chr4,26677235,T,C,36.859142112568904,54,0.7484026684464048
chr1,29088632,T,C,31.634414982953544,196,0.8654022331343513
chr3,20894388,G,A,38.07091720038524,193,0.4999598121254927
chr5,43827417,G,G,33.04428085944589,185,0.7256442057389798
chr3,24081896,C,C,12.771104469440306,164,0.61678928065852
chr5,22012258,T,C,97.43797381515299,190,0.19290714100172893
chr1,33399934,T,A,29.867093960750356,97,0.03517585197202001
chr2,36453171,T,C,76.06267863303756,82,0.2888505579633951
chr4,27395160,T,A,78.63367552247577,172,0.444173032210867
chr1,18794649,T,T,93.63316582065063,188,0.6147638255400831
chr4,5661029,A,C,12.749451138404197,46,0.8429601438931412
chr2,12149697,G,C,88.48435046023069,128,0.20232080237204234
chr2,14757649,A,T,57.45035627558202,66,0.13303879410050756
chr1,14427105,T,T,66.92896989692451,17,0.954210348524841
chr2,39410879,C,T,68.00232494089303,104,0.11588366818887896
chr5,26146282,C,C,83.78180244862548,126,0.4789212487050454
chr2,7857658,T,G,40.00665899431995,119,0.5838524542174358
chr4,28915002,T,G,75.9746070873994,29,0.5405469324892895
chr4,1996530,C,G,57.57202987499774,133,0.09431151389228433
chr4,20378839,A,C,81.4054612874813,62,0.06588637572354698
chr4,40785651,A,T,99.14914294931201,128,0.11337375891181495
chr5,12292148,T,C,28.05859156633851,21,0.5838759301951603
chr3,37919127,A,T,99.51837774039981,186,0.5434579898816346
chr1,13966064,C,C,18.08309388544966,26,0.23906597619600936
chr4,11580030,A,C,10.208579311433247,73,0.6350186590086797
chr2,32199893,T,T,13.974574256004814,51,0.8136661520145364
chr4,6786265,C,G,40.76041642630855,103,0.05074738064966189
chr2,42041777,A,T,66.96156976105908,166,0.49816734467708157
chr2,32299028,G,A,16.21265867990647,156,0.6855242038606365
chr4,27461126,C,A,10.509923307661055,20,0.25726568852829335
chr5,30168464,C,T,94.33819256129154,107,0.3116154871872861
chr2,35124883,G,C,83.97339723459366,187,0.6113651449295961
chr2,26185640,G,A,82.82648540251279,80,0.8899765875748622
chr4,35521776,C,A,89.59818479517794,117,0.8037259318968414
chr2,45798099,G,C,73.00308454948939,67,0.5814676147175919
chr2,36966581,T,C,19.39637167732733,43,0.7256172834021042
chr4,6398869,T,G,45.919016926635074,29,0.3675260208036427
chr4,32029723,T,C,75.08345378181666,59,0.6381462175367826
chr1,17405566,C,T,35.23010147123688,111,0.46685795930500584
chr5,10427504,G,T,71.86657277226138,147,0.1961374137284097
chr5,12686214,G,G,12.204860344088711,169,0.6977035083997121
chr2,8022336,A,A,37.552360679163385,61,0.5553353446018455
chr5,20655820,A,A,59.42173026494554,24,0.3614491503145196
chr2,29746717,G,C,66.88808465556181,93,0.9031124062770581
chr1,22105074,G,T,61.93365980157198,140,0.030515435470198603
chr4,30122426,G,A,72.79806484660865,46,0.3194576882245061
chr4,13485559,C,G,10.547987341585516,135,0.06574376982209362
chr4,32908562,G,G,19.084707997976935,49,0.7611967698971946
chr5,25210749,A,T,88.20498270512306,81,0.6980653050315168
chr1,9652831,C,G,71.35737796811452,49,0.3347251743615907
chr5,14691164,G,G,20.163847841741017,65,0.6721496441629315
chr5,23761900,A,T,85.78669936587212,160,0.39801848167203085
chr1,12707868,C,C,31.80080960421102,113,0.7511287155939856
chr1,15246173,G,C,53.04338957757011,148,0.45509998948197194
chr1,37248719,G,G,23.067686159619427,119,0.41403413327503225
chr1,11055079,G,C,73.9099050779536,145,0.9260353171785349
chr4,41066066,C,C,70.0168978912841,102,0.2558615178928862
chr3,14781009,A,G,29.000122404952258,103,0.12803839319663413
chr3,43531405,A,C,87.70606901713016,65,0.582852250994269
chr1,47962034,T,G,46.1175421797741,69,0.9599353760384953
chr3,1703662,G,A,36.32635819636676,147,0.3802824294526429
chr3,38646529,T,T,23.709663051808192,48,0.0707960283562059
chr1,14769205,T,T,33.95512112639837,37,0.3425191619633761
chr3,15013403,A,C,11.98242291014353,58,0.5058130212331673
chr5,44542641,C,C,62.493174321050404,173,0.16868454649956943
chr2,40648899,C,C,85.80076717095531,134,0.6549401736953622
chr2,44177856,A,T,59.408240449747765,22,0.9877944012299966
chr1,27791175,C,A,29.734656573148815,45,0.45270468646181494
chr4,11353564,T,A,13.030226039248545,110,0.3576339855956084
chr1,38003110,G,T,29.316526593292256,35,0.4026900834977773
chr4,14942402,A,A,47.45092852639831,95,0.1228432548272971
chr2,29676873,G,T,78.36502858298168,13,0.8756081293976993
chr1,22988809,C,A,26.90585672839967,91,0.4165291424109249
chr5,30229010,G,G,74.78123080192175,175,0.38952892319634447
chr3,15493549,C,G,88.02401215166952,136,0.6564964674718649
chr4,48044769,C,T,50.85521632975214,97,0.44319275251250106
chr3,11669435,T,A,83.9288792478334,136,0.6452687994316891
chr3,17642016,C,C,59.919161323158605,129,0.07021736432817176
chr1,42924694,T,A,67.33817533728146,31,0.8074488768477829
chr3,44728950,T,G,57.365061430438246,139,0.9316938738218146
chr5,33722310,T,G,51.685544507620754,40,0.6457900784361982
chr3,12484508,A,A,31.11880975982644,128,0.9454746102816345
chr1,8449607,A,A,37.28746535149415,20,0.15840366808256404
chr5,21820280,C,C,36.09731070492481,55,0.47786786569074663
chr2,14839094,T,C,60.696003785843324,105,0.5997705992665383
chr3,17701250,A,A,20.795832372150095,199,0.5801019144727629
chr1,37992982,T,A,92.51125216321016,19,0.4034325435072624
chr2,1076218,G,A,74.85896307548019,177,0.34132272117893614
chr2,24656190,G,A,46.130106782187426,137,0.13428754209941043
chr4,18547260,G,T,24.276173007374016,161,0.3939076015510326
chr5,6579079,C,A,89.37929527494722,108,0.16940759880337544
chr3,45489781,T,C,84.14002810910488,181,0.729678362962374
chr1,48872760,G,G,74.95493974454614,121,0.21465431678469818
chr4,14061358,A,T,34.43923426701181,69,0.06739399917884317
chr5,30822180,G,A,46.2201973690302,199,0.5513188150608896
chr4,29645954,G,G,19.247342720718102,96,0.5933251380650135
chr5,43290779,G,T,27.013557225477854,154,0.8644748000548954
chr5,17354286,C,G,80.47149735850596,74,0.5754419801693282
chr3,9860935,A,A,74.35348469656154,66,0.3485712366489768
chr5,25444321,T,A,63.413718667834125,192,0.7969516438957941
chr4,37249378,A,C,90.61540533335555,115,0.5394733153236726
chr5,38783647,T,A,62.493986603174086,190,0.0876946789385679
chr3,19699351,C,A,52.02711999672496,193,0.5645335491069817
chr3,16105101,C,T,40.63336716751864,18,0.8998581745132291
chr4,41576287,C,C,94.64036551625553,31,0.39838637298825613
chr2,43842925,C,T,17.444391537191812,150,0.3003992858618041
chr2,9997354,T,G,93.77986348547276,98,0.15060006787765967
chr5,41906639,G,A,84.40431939379165,185,0.15841661149665018
chr1,29168643,T,G,21.693693208213116,27,0.43411605465498254
chr5,30677043,A,T,60.84859219077282,124,0.5937662276782989
chr4,2962165,C,A,87.98931835741782,177,0.08900309706620971
chr4,8985620,C,A,61.46282472464384,154,0.9307772172446623
chr4,1611213,A,T,91.647983940456,152,0.750030945096292
chr4,25527791,T,T,94.86854351344383,115,0.5848914399179894
chr4,38795793,G,T,48.01460699658753,24,0.821869897520211
chr3,36393865,G,T,43.95822952656913,72,0.08858302167587102
chr2,32712006,A,T,94.26890385722412,176,0.4773021001784619
chr4,7569632,G,A,70.76260550347013,22,0.6274912643244301
chr1,21449430,T,T,20.442041321335235,90,0.8220798479959235
chr1,19803796,T,A,13.806257430041308,41,0.7778001688482824
chr1,47846098,A,A,60.816614589753684,146,0.28152786471913166
chr1,42061756,T,T,93.71538688945822,49,0.9320625661680202
chr3,7202258,C,T,85.98238321652366,157,0.13185892460225296
chr1,22116451,A,C,70.82629718179028,91,0.867630946248729
chr4,10880860,T,A,22.520426400197877,86,0.9615214446125262
chr5,4526737,A,T,32.8808245373826,85,0.18361045275817306
chr1,9790529,G,T,88.79601038973546,181,0.7176247429197096
chr3,19786176,T,T,26.45265129912104,47,0.04947980840243849
chr3,22232430,C,C,35.05954674253911,197,0.4073143686363719
chr1,34246730,T,C,21.664058607589777,80,0.5159576332137206
chr5,41473321,A,G,70.849740827297,57,0.5790323213914413
chr1,21153729,A,A,94.95840748268887,27,0.9272185032835883
chr3,16823554,T,G,34.207122843584735,153,0.6688056735483108
chr2,13790902,C,T,52.786594706506634,192,0.4816523921948523
chr4,11473867,C,C,67.0905765740084,48,0.8034815355405716
chr3,11864147,C,C,99.95196233940676,196,0.9415221645353208
chr1,7193956,A,G,19.43272584978149,98,0.03162482570864503
chr4,14579173,T,C,54.87137195551382,71,0.972870846810918
chr1,36259647,G,T,44.660810791225,150,0.09440949628240672
chr1,23214365,A,C,87.92381487001197,118,0.8080990436833861
chr2,15529416,C,G,52.83709579104903,90,0.28472805750038427
chr4,8271476,T,T,19.987977212663328,143,0.1395360645987943
chr4,4266402,C,G,67.09817307579253,86,0.4410585269195582
chr2,48044083,G,C,79.37025564374918,197,0.6410774478586613
chr3,25899065,C,G,10.259312649905313,99,0.3833328081230055
chr1,21886096,C,G,87.30610168785665,23,0.06347410011704498
chr5,40054025,G,A,26.742070000509905,104,0.5974719168655422
chr1,15072989,T,C,59.686242818804004,63,0.8943552105884612
chr1,14126263,A,C,47.42177506187051,141,0.3855510586283067
chr3,5261946,T,G,74.76884349494773,48,0.2220061220782105
chr1,17867309,G,A,43.404545330716765,81,0.4437257990141591
chr2,10944790,C,C,88.27868590135397,34,0.05739545682780525
chr2,13800127,T,T,75.74467248629112,86,0.8140778327906694
chr4,44946719,A,G,68.29418539566294,169,0.819813994731183
chr5,15338768,G,C,81.66165360065689,196,0.5862404541610359
chr1,2732465,T,T,77.86207314355441,175,0.3560408311596217
chr1,30396082,A,C,13.2344807429398,129,0.7937876971568677
chr3,14109773,G,T,45.52609184603453,62,0.5535932842925998
chr2,32404552,A,G,93.77265675848409,165,0.8194136623790159
chr5,45599847,G,C,21.31518420930036,140,0.6288296167313602
chr4,49730049,C,C,76.33868953888461,159,0.7787173637485414
chr2,37413676,T,A,97.71326302017967,105,0.5965917333534048
chr4,34877350,A,G,14.697876614047447,175,0.41585824685135286
chr3,20023125,G,T,71.39744925639494,81,0.9487869427276148
chr3,30228266,A,C,52.133872717092736,71,0.5402915483812678
chr1,1116739,A,C,62.12577298372499,194,0.6029877281697276
chr5,32251097,T,T,17.68072028358924,15,0.22607788662645426
chr4,44229625,C,G,13.870625668024553,41,0.6231377736387309
chr2,43723356,A,A,70.01799944958296,108,0.5701754964932849
chr3,16985249,G,A,84.09784868386461,147,0.19114162998808445
chr1,29700374,G,C,80.38138014396705,140,0.06839535540608084
chr1,49571172,C,T,58.94251550796136,196,0.6022721333204757
chr4,12878474,G,C,18.988013902256036,85,0.7584184239633142
chr3,44309893,C,T,71.92399994524123,186,0.522933343503568
chr5,35569361,G,A,31.769999519873135,68,0.2322371728132528
chr3,36974996,T,G,91.99618324906453,40,0.6631915371591742
chr4,11971177,A,T,85.44388235911345,102,0.0885036120774102
chr4,37207525,T,A,73.84446703786517,78,0.4429970307059155
chr3,21080673,A,C,95.39613602480173,199,0.1700994232304518
chr4,32366160,A,T,12.827963936014564,61,0.1907698700386857
chr3,47365848,A,G,76.25803825546858,98,0.20824807017503957
chr2,7944121,T,C,39.72185014027648,136,0.38897291590309835
chr3,7238795,A,C,91.54592971177287,178,0.060127201507989676
chr3,15157398,T,A,34.000767699577985,40,0.39983757211051624
chr4,48226729,C,T,75.23708493835153,93,0.5114732981724068
chr4,41345400,G,C,88.98823176857033,136,0.4836283992669987
chr1,4751198,G,G,13.749113654441418,159,0.38512841839497974
chr1,16732903,A,T,45.78828216328325,141,0.8323636759093375
chr2,4138145,T,G,78.60781288197448,22,0.15242015857209404
chr1,30063435,G,C,50.942700055682835,54,0.5055828089057465
chr3,35780908,T,G,34.05273668142358,136,0.07080058861742321
chr4,38738488,T,A,29.782481394087103,179,0.07973256530035154
chr1,43515252,A,G,21.83664402247401,123,0.5723885326835544
chr1,16016390,G,T,87.1416603870654,186,0.5646980563900645
chr2,47361481,A,G,61.78198629264004,29,0.8704728425875679
chr2,36055276,A,G,16.874645049231038,90,0.5567162021468717
chr3,43872208,G,A,44.43222912135719,191,0.9505951999967532
chr4,35954715,G,G,43.09602857245989,173,0.05772095143193118
chr2,23704829,C,G,26.35652716385167,138,0.10604753108512624
chr1,15142073,C,C,49.195686292497165,152,0.053184544338973766
chr4,1691757,T,C,39.88894288538228,26,0.19157131332686922
chr4,1390719,G,T,40.76233349429643,161,0.5404447087228446
chr1,44470977,C,C,76.51239020091629,67,0.6426607377988794
chr2,44092987,T,C,30.093704695467668,81,0.05467345478969542
chr1,24631669,T,C,67.76739629698199,118,0.9370514720486873
chr4,16713642,T,C,61.35846614928414,32,0.8353220691173734
chr5,21073266,C,A,61.128326110408054,183,0.30068023251395126
chr5,41381731,G,C,69.67066115275983,81,0.0856437796219386
chr3,24025010,A,A,59.35438325760886,17,0.17648933175467613
chr1,48133465,T,A,89.13296033617462,68,0.13440552547987322
chr1,25694812,C,C,70.80220827552338,120,0.13081810371296793
chr3,39457098,C,G,59.22669262342493,196,0.5181904548924192
chr3,32970599,A,A,84.67868082588804,22,0.25093049364353226
chr3,40787171,A,G,64.55319084401317,176,0.36097692219856153
chr4,2270896,C,G,36.20298230066611,165,0.979715226716636
chr1,12952314,G,C,28.638542635891408,198,0.6806279639468379
chr4,2059622,A,T,23.70950070964109,25,0.9400010537060614
chr3,5422375,C,C,90.95096912914914,128,0.14970542393245329
chr1,17770274,A,T,73.91218886182592,11,0.3844966853359179
chr4,32354977,G,T,94.36405943478887,154,0.5536371672167072
chr4,26874486,T,C,64.29626251434487,39,0.08522290065096325
chr3,32873646,A,C,52.60607933454213,112,0.014103694755398709
chr1,5131479,G,T,15.37448400738004,22,0.6670256471209792
chr3,43955157,C,C,70.44780533914269,105,0.6389831264654067
chr1,19409209,A,T,62.398788379140804,103,0.4125730337996195
chr5,37905710,A,G,99.11880042288593,91,0.489851194511392
chr2,25755666,C,C,31.524290000401873,22,0.41713414058024784
chr2,6703394,T,G,57.76636197581523,180,0.033524943947991076
chr2,20545578,C,A,68.58616016062653,103,0.33866417409311317
chr3,12415376,A,G,68.01320572681092,158,0.18354061028934404
chr5,10068026,C,G,60.51641886535624,121,0.10645570531934136
chr1,14283692,G,T,79.92352092945029,64,0.9475860252115628
chr4,27280417,C,G,28.44830885741348,90,0.5973725305413223
chr1,23708377,A,C,75.30644802469743,177,0.7240831585518707
chr4,24567809,C,T,65.77611142897803,125,0.31905646840079516
chr1,3721864,T,A,90.6467600615116,152,0.3952841869041349
chr5,34458471,C,C,86.24749951302235,189,0.24218551401878902
chr4,41539152,T,A,38.36323352192979,117,0.10502635754611624
chr3,29104320,G,G,34.86135924776377,62,0.1854510046927521
chr1,48744216,T,C,98.34879914672031,137,0.7915637643905561
chr1,8733308,C,C,57.45386628237309,189,0.6739948890801003
chr4,4875754,A,A,91.57788675229932,167,0.5459902984657674
chr3,20482215,T,C,24.749292140243398,170,0.4755880754094327
chr3,29160024,G,C,67.85370233201569,66,0.9139855979830019
chr5,29356738,T,C,82.88741686245275,61,0.08128024882309502
chr3,11912996,T,G,95.26557246278021,146,0.28498879697315765
chr3,11047595,T,A,40.36061269153211,191,0.3529390964992998
chr3,31908587,G,C,75.24830529316472,120,0.7767772959685321
chr2,29003805,C,T,58.49317081356571,10,0.9826643277587319
chr5,23564965,T,T,15.456603345982138,53,0.24585710446201
chr1,41131083,T,T,72.0999763578049,84,0.866821187454339
chr4,7867218,A,T,72.10869024140591,107,0.8240103052231554
chr1,10004644,G,G,93.75461243618832,18,0.2301642496889313
chr5,46334458,T,C,54.758120155207514,41,0.4013459285952381
chr4,48517690,G,A,30.72258286394632,24,0.41147941190666876
chr5,39542128,T,C,14.010744110381124,149,0.9686562551560272
chr3,38639184,C,G,47.407796801731514,194,0.18727406335132035
chr4,14143608,C,T,37.17250300697516,145,0.7931748116826864
chr3,37532022,T,G,78.49794754214881,81,0.33750885988964774
chr1,25376816,C,C,41.884098835694196,164,0.7262529388606371
chr1,37851723,T,A,95.41640766833595,199,0.42161078420974957
chr4,46745469,C,G,96.60791826890058,21,0.5767925678542092
chr4,22671503,A,A,65.88177311959373,74,0.8259595378596085
chr5,37045138,A,G,93.57942583133946,116,0.7980822536842065
chr5,42601684,A,A,78.47689100630461,51,0.8590947198689062
chr3,39808656,G,A,59.21736768776135,199,0.06842497883776584
chr4,11880726,G,T,26.22771418805003,124,0.6882095419789499
chr1,23992356,A,A,51.2738149162456,148,0.1471876291873276
chr5,21515189,G,T,60.47870170263558,112,0.4175021966580428
chr5,24388869,C,C,87.75654226615092,180,0.5476166467535947
chr1,22689432,T,C,53.32000388820984,104,0.40468469505189414
chr5,26941259,T,T,90.7907205410161,26,0.5192194422869474
chr3,11563214,T,T,70.6914081121122,169,0.9865957826226468
chr4,25374842,A,G,22.329915674830424,94,0.14251296743859765
chr1,15143385,G,G,99.54832323925837,177,0.6719469244296971
chr4,21275688,C,G,57.45093946785214,160,0.3980809470579029
chr5,29172140,C,C,45.2672466768171,65,0.14034960292918222
chr5,36119150,A,G,69.32023880225739,143,0.16556202810682336
chr1,11523401,C,A,19.800398258293516,95,0.9402876441207045
chr3,44545615,C,A,67.28847820780189,187,0.8720094667775268
chr2,15488262,C,G,54.841240044934565,111,0.8989011212067214
chr1,38367702,C,A,46.60066629987248,174,0.9817021203108388
chr2,39360857,G,C,95.77180190610092,63,0.2141490822083476
chr2,24387092,C,A,57.02857450588479,186,0.35833055061678054
chr3,20156053,T,C,29.72057315229446,124,0.6658346493263694
chr2,40678201,A,T,51.30671314395688,148,0.4841264890634343
chr2,2524102,G,T,92.74486641154054,97,0.42002174271076687
chr3,12579149,C,T,25.84859241975352,58,0.3606550243488812
chr2,48878478,G,T,29.256133481941323,158,0.5919050193045832
chr2,43607220,C,A,11.172661098137537,124,0.5740815600672804
chr2,3035848,T,G,11.277104445619045,72,0.16822867738295527
chr1,22900146,A,A,84.64524642626613,113,0.4723050407680703
chr1,11828463,C,C,75.89103461586602,92,0.5524023406856529
chr1,26370439,C,A,41.95369508067624,112,0.5688811999567627
chr3,10913841,C,A,72.84800415048156,165,0.21590504905410476
chr5,30061846,C,C,45.56853336789732,26,0.7374259644072411
chr2,24468625,A,T,95.76071163980447,15,0.03469511292464824
chr2,46911262,A,T,97.03474132834313,156,0.3577352184322994
chr3,12457501,T,T,45.3514398228409,193,0.7746083955649209
chr2,35392435,A,G,86.87997157067812,37,0.5626150626342943
chr1,4433382,C,C,79.57801375277195,47,0.265939183860643
chr5,9670178,T,C,37.89999434546104,128,0.6910540569561867
chr4,29348817,T,A,30.88358460109954,46,0.5660431252729519
chr2,30246906,T,G,51.24111853535504,124,0.7903187372672594
chr1,4395049,C,T,80.32139565529656,77,0.7303246824660269
chr4,17843366,G,G,96.41510062558709,186,0.60790576359551
chr5,25728848,C,C,78.72211619799153,52,0.48841412180459776
chr4,41984077,A,C,86.9686286516533,173,0.14051848315417295
chr1,11822814,A,A,64.27578755534648,67,0.2661063575276761
chr4,23858903,C,A,85.18670477579133,22,0.42071748345874355
chr3,49356322,C,C,80.5978772203076,61,0.5973133012662609
chr4,49068795,T,T,43.928698773365205,67,0.5134336981109987
chr2,43942594,C,T,59.6791271908649,41,0.2924208354403389
chr2,38747492,T,G,82.42778097907254,114,0.01633507063391634
chr3,16170521,A,C,14.145106077096074,197,0.49631443746279763
chr1,26841846,T,C,82.7271354120247,92,0.2899134687909982
chr2,13267883,C,T,26.00993116441211,195,0.7299161346963243
chr5,43639398,A,T,56.32152554092951,108,0.03346733996507382
chr2,12984398,G,C,82.74478956003439,113,0.583131255079675
chr2,31502775,T,A,32.84389703410254,193,0.932644752755944
chr1,36396080,A,C,32.122669537553776,37,0.18092108176926952
chr4,31715395,T,C,46.248795861602666,138,0.4722165009355835
chr2,41686940,A,T,90.5178517819871,179,0.0995935519807954
chr3,24215061,A,T,10.03985032934871,57,0.6231682740161255
chr4,27854296,T,A,91.12447869777415,49,0.549521046984301
chr5,15949772,G,A,23.8426322177447,106,0.4092182137285757
chr1,4828433,A,G,99.10777384607339,123,0.5209494810442664
chr5,20512480,A,C,95.93622937346213,141,0.88864316529963
chr4,48149071,A,T,54.5207670632155,175,0.2023684162648457
chr4,22225964,G,A,56.144822303136536,164,0.03211322147124029
chr4,28866537,G,G,53.339440624826885,146,0.8544315870051189
chr5,8152747,C,G,67.18992810935703,120,0.5755747407401484
chr4,49344513,T,T,18.164953201143796,153,0.8828452863526055
chr5,38691702,G,T,12.935615350740985,193,0.5950063189449091
chr4,38872354,T,G,15.193263557430896,85,0.8039578681605084
chr3,47058665,C,A,49.99288143173629,40,0.431079896088045
chr4,26625121,T,G,34.7993145297535,128,0.7448627326625034
chr5,25242589,G,C,65.98356061338944,151,0.9047806375520588
chr2,2020154,T,C,99.31980604373011,34,0.5706805044477622
chr4,39499601,G,T,44.769085576881935,43,0.18716944755113196
chr2,7733215,T,A,61.6457128694062,76,0.27342166272959423
chr3,47020191,G,A,47.40435063166019,161,0.20467168535945768
chr1,9195810,G,C,86.25445009496734,127,0.25191988704381824
chr3,33339834,T,G,91.20127631160143,82,0.31028714036401567
chr4,41739629,C,T,88.9620050984734,35,0.5540311110181247
chr2,30900787,A,G,97.69350148113318,157,0.5862317968745561
chr2,25948764,C,G,12.476726662637375,113,0.4279697522970239
chr5,7714301,T,G,85.58345459309778,19,0.6131123642244187
chr2,45746736,C,A,77.6594955735184,76,0.08994342709913859
chr5,49558556,G,C,30.582496846032832,161,0.09603247231699676
chr1,28259197,A,A,96.06880840487747,14,0.17839287115050528
chr4,48784180,T,C,23.33601354069509,195,0.5177159480795378
chr5,48379179,T,T,71.15949344205175,36,0.2197147851243473
chr1,11760888,T,T,30.240119513432123,122,0.28761871542272577
chr2,12305231,A,G,48.82425838966672,24,0.4023065794495342
chr2,27035947,G,C,74.7243907250112,172,0.8056288015301722
chr1,33909688,T,C,60.6992177829742,114,0.023584893194602916
chr2,12374857,C,C,48.47516481953005,190,0.64639124383189
chr1,36414014,T,G,39.370458783878846,53,0.6654990004198716
chr5,30610323,T,G,85.56936901379113,35,0.7926826647495038
chr5,14775236,T,T,22.943291528333233,184,0.9240978802791069
chr1,19907101,T,A,48.709258887682005,171,0.02973509197030403
chr5,15372528,G,C,91.3381814597628,104,0.16070803140295187
chr5,5720642,C,C,86.1264595413971,187,0.8784478681748732
chr5,47695565,G,A,46.0847586225742,93,0.45934819094327506
chr3,1549239,C,C,78.67975272411775,149,0.5632988261547942
chr4,26722525,T,G,84.08447476379733,141,0.6597666596486844
chr2,39963185,A,G,89.99986816032667,96,0.6754852724057246
chr3,48173924,G,C,59.00551921443052,185,0.923105595250178
chr5,47571160,A,G,28.40147974492406,192,0.9870104290634363
chr1,10659072,G,G,32.977816885353846,121,0.7157543117123214
chr5,18562548,T,C,36.61252066374438,138,0.2914767850210478
chr4,15376941,G,T,63.4422232728654,98,0.8721573542484568
chr5,26332296,T,A,12.95286617157476,75,0.058236496249946375
chr1,1397710,G,G,67.24382219019714,167,0.23645923581700629
chr4,41057648,T,T,42.79188145854088,140,0.8894380031144405
chr5,5317048,T,G,36.5717622240678,131,0.26106768415056786
chr4,34381719,C,G,89.15469136553138,158,0.2262380384293135
chr2,15133434,T,A,51.4002156022719,93,0.1453627872774423
chr2,5785956,C,G,18.55477409794235,186,0.8519295224939781
chr5,22882940,T,A,84.40720912236223,125,0.500057094007265
chr4,39580196,A,A,14.287713169285594,199,0.6713953389930717
chr1,49473002,T,A,75.4074301751377,125,0.24428505639352907
chr5,45793211,A,T,79.65155995935986,47,0.7528796125909921
chr2,49665285,A,C,41.73423453359723,152,0.7548054340628565
chr2,18687991,T,T,84.2309070650008,119,0.31634606441013413
chr5,40509310,A,C,56.40934652708081,189,0.4124689803500772
chr4,32061293,C,C,51.696428794551714,55,0.21549647188159685
chr2,31272855,G,A,14.08629533218233,34,0.9670298028564462
chr4,18336140,T,G,36.10262742840153,30,0.6426905255172434
chr2,21658401,A,A,93.79089737967698,130,0.9258530031012052
chr2,47316696,T,G,45.264156695515,131,0.3073178327565505
chr3,39559430,C,C,59.203046850109146,142,0.7762530947369519
chr2,30178419,T,A,57.88195110858266,79,0.7605414710070472
chr1,11679043,T,G,63.1387980840424,122,0.6878225388292107
chr5,48052359,A,T,15.519786007895435,116,0.9563261957614644
chr5,23470291,C,G,42.59586293188555,121,0.39568422938418923
chr4,42664348,G,A,75.08154464942987,117,0.13810297711796216
chr2,39747710,G,T,28.050422596568463,56,0.6682746820591795
chr1,11812658,A,G,28.322053979172438,100,0.724723604467662
chr4,48089005,T,G,10.908154602012225,27,0.5735593619896384
chr3,1302186,A,G,49.37337339473888,158,0.21268153527072836
chr4,20984609,A,G,89.44609426060798,113,0.5043668228359682
chr4,40043896,A,G,14.671084922857812,160,0.3159459418377468
chr2,8456985,T,T,27.200683854640236,49,0.4289171976033553
chr3,24544744,C,C,37.90760845084796,147,0.6423142043277706
chr4,18803769,A,T,75.85522629077916,98,0.7403104478370178
chr1,28381509,T,T,67.65720335223278,189,0.23758019708331626
chr1,17727556,C,T,47.434951412366956,70,0.40721885343401426
chr5,48105796,A,C,78.31620453325381,14,0.2737783395717966
chr3,21521013,G,A,64.86679104912118,131,0.20465898158463175
chr3,2514542,C,C,90.64367196914972,190,0.7777194755959216
chr5,38735088,A,T,83.62240742248237,64,0.9010676405482526
chr4,12318792,C,G,32.75322454802805,46,0.3728275419708852
chr3,26242722,C,G,34.42947198707802,65,0.7462533458862916
chr1,16135763,C,T,21.282082821314706,196,0.8890553835771229
chr1,46238137,C,G,40.32682531457108,111,0.839201726319627
chr2,41400624,C,T,99.95895268471848,102,0.1891571207684414
chr3,9676924,C,G,46.51760517535549,82,0.9471660438830941
chr4,44951994,A,C,29.843959122019577,68,0.3791429116208732
chr5,25124905,G,A,78.62345960279977,11,0.3424558479503596
chr5,36383985,T,A,58.82239031163905,113,0.07118270073222473
chr4,30254481,C,C,23.46413045742573,197,0.48645018102278537
chr2,37595773,T,C,44.26207130447792,60,0.11683334332811013
chr5,30253634,A,T,47.302274398540895,39,0.25356902450887747
chr3,15315679,C,T,77.84467305122968,20,0.32060376933193574
chr2,45048098,G,T,11.860423200271402,117,0.8026497970218504
chr3,25440805,T,G,34.21176821184794,85,0.8679788773879786
chr1,22765239,C,T,56.58366711839698,176,0.3064169911122403
chr2,25586222,A,C,34.196206820755904,99,0.8515241588196825
chr5,16527000,G,A,66.5590642677099,132,0.8500863186223953
chr2,19453059,T,G,53.368073134715495,198,0.759357931377176
chr2,9423309,T,T,42.55392293736226,134,0.15376121173487792
chr2,4229028,C,G,95.4287764183461,191,0.6865163899627144
chr2,19498826,G,G,66.89435492678118,131,0.9361235832889574
chr3,11569320,G,T,21.694723504114712,103,0.6788896691918139
chr1,3339767,G,G,60.408252769905594,112,0.33498451212567726
chr4,32500922,G,A,80.26586678808108,195,0.5005677310822146
chr2,20391451,A,C,73.76407277435176,193,0.6428105424840326
chr5,35045468,G,C,25.488030636573345,171,0.5103590005539335
chr2,11851224,T,A,97.5177999136093,40,0.12755388289635042
chr5,37264673,T,G,50.39322811719454,61,0.3158227637589802
chr3,12822411,A,T,24.312250336623517,98,0.7963481099425599
chr5,18920169,T,G,26.217617871533314,85,0.854189685173607
chr4,4978702,T,A,18.841149297017246,138,0.14455403206125883
chr1,42723416,G,G,82.31662975914409,192,0.9433390173507501
chr5,18104132,T,C,20.98274448896638,31,0.33224616549163716
chr5,4597706,A,G,21.261273142757226,49,0.6590674639561056
chr1,39060986,G,A,86.5424453284754,110,0.7467886430375476
chr4,1605409,C,C,41.014367600280366,120,0.8057073099451257
chr2,10462743,G,G,12.77721138772652,138,0.9368347081814116
chr5,12377787,A,G,14.67057695665698,74,0.31666115706824616
chr1,22827621,G,C,22.795340203350598,191,0.8513363254605234
chr3,42892167,G,T,29.205401317812058,179,0.1390531653674829
chr1,36280122,A,C,69.86315748145648,158,0.7009400882265209
chr3,21057988,G,T,24.159365200164544,88,0.7371381749237061
chr4,9197295,A,A,20.69869520593648,31,0.674168776377294
chr2,6809041,A,A,78.82472273286513,175,0.2572684414124499
chr1,13546501,C,C,70.3949755473923,108,0.8655822840748992
chr5,39641700,T,C,49.17917993097126,17,0.1754812941029871
chr4,7155579,T,A,59.43787943320935,199,0.06256209569041422
chr1,1403119,G,T,38.07856182937766,184,0.713115690799674
chr5,49892876,G,A,53.42503782118246,26,0.475966200928079
chr1,17556827,C,C,55.60053840844712,26,0.8421160595595025
chr3,31495692,C,A,44.85135440602863,99,0.3857291982370938
chr1,33027216,C,C,91.59149896049465,150,0.17491301673755857
chr1,47263335,A,C,11.445567848290553,154,0.8297133486204723
chr1,34957164,C,A,80.39541367821215,175,0.5479314390072703
chr4,2950013,C,T,21.19445481171919,90,0.1954118765425478
chr1,2132658,G,G,81.77926244834795,87,0.7159763186147168
chr5,38877058,C,A,65.43207241090491,182,0.5108913657197105
chr3,18434167,A,G,85.89502818427621,15,0.6022267225955135
chr3,26177127,A,A,18.77628930768077,172,0.4616803714424502
chr1,27376033,G,G,60.308257068979664,119,0.8221348041416463
chr4,14881178,C,T,55.09790922359774,23,0.8229714613693888
chr4,22981132,C,T,73.55738646670227,81,0.7052010453878985
chr5,7026988,A,A,58.08614967043082,198,0.11329334984853302
chr1,16590661,C,C,58.66611104197938,152,0.8320767846659874
chr3,25203479,C,G,48.66363492184582,63,0.6675927209222516
chr4,3366610,C,C,37.79509816066067,36,0.6930836826842135
chr1,38734735,T,C,53.403792512697294,22,0.3657231835957942
chr4,10456807,G,C,20.66431228915605,168,0.8716939650338665
chr4,47860379,T,T,96.53620050847763,172,0.7208641682301603
chr3,30342048,G,A,74.29696872639384,69,0.12033865719861057
chr2,5684346,A,A,95.7220405019062,15,0.4096224737180394
chr5,35012730,C,T,30.405464409696695,67,0.8786527547209388
chr5,18824559,G,T,89.14069181588752,58,0.056252767663431416
chr3,23496936,T,A,82.79109861071846,160,0.9521882872492085
chr4,26271052,C,C,70.94371712119063,171,0.6755793169531715
chr1,39175082,A,G,66.25262674766851,35,0.628748458090509
chr4,19532908,G,G,38.489469874108295,56,0.27514807135823155
chr3,43827096,G,G,83.47697064685276,14,0.2538159529643935
chr5,36284660,G,C,55.136391533176045,29,0.9332170550988236
chr4,36501225,C,A,16.38024183021568,143,0.3023070051494403
chr5,40669950,T,T,38.1576844769617,68,0.7699951907846194
chr1,12667877,T,A,94.17673886907949,155,0.39525936224293756
chr5,8393979,G,C,86.56122345443616,141,0.1464689893690099
chr5,11115078,A,T,98.37151282688852,26,0.02050099174145177
chr2,29506244,A,C,66.51940443436882,23,0.5433721902749458
chr2,26214698,T,G,32.27590658263708,22,0.966263242177954
chr2,36177004,A,G,24.65335447091774,144,0.3717534699330204
chr5,18486878,T,C,26.822299654761547,137,0.36004848731318395
chr3,23098345,G,T,11.781609251252895,53,0.34720978549245324
chr5,17620937,T,T,45.16138998873453,128,0.5201329605587612
chr3,32984287,T,A,27.228491244958825,152,0.4418515857558077
chr3,31038378,G,G,47.04899144110322,28,0.8723163341924742
chr2,43413492,A,A,94.14949886548888,72,0.5054103758890205
chr4,40227037,T,A,48.748618855647095,172,0.5076026814247974
chr1,11528294,T,C,89.01860472863514,90,0.14560416282614547
chr2,20369886,G,C,64.49542899542888,172,0.9730847500921782
chr2,5810833,A,A,32.241839919525276,156,0.2549734330514531
chr4,24480675,T,G,42.026928333329025,157,0.08189678611041061
chr1,40972097,G,C,17.55275822392865,109,0.6598833239957046
chr5,18219277,T,A,40.011633423640944,172,0.5934590427537352
chr5,29500556,C,A,70.97868509531807,169,0.4168427409128908
chr2,33073692,G,A,16.489998363649168,131,0.4237483892030645
chr1,38316107,A,A,28.48612676302264,185,0.7793626426255026
chr2,28427110,A,A,44.329693727198034,53,0.2017983872976561
chr3,25192961,A,A,98.38445833143663,113,0.8138482525659919
chr2,25859871,A,C,80.63756406629922,161,0.6457721716171178
chr2,26654796,T,G,76.01380718428935,70,0.4205903783039339
chr5,33435245,T,A,20.45718608729014,134,0.45886804425219124
chr5,30263888,A,T,80.28963042534923,154,0.2615142630423739
chr5,28783527,A,C,80.67419303644137,80,0.7470720460430353
chr3,43106078,A,C,64.09924260618953,116,0.5126172474591624
chr5,8281505,T,A,99.13256037985347,59,0.32443745189484674
chr1,39679227,A,C,39.272851533209675,74,0.5941291134457313
chr4,39965695,A,A,94.71452034176664,108,0.9858197630102966
chr1,38518167,C,G,92.32580034608533,41,0.4365570340634228
chr1,27540396,C,G,11.033259377444006,173,0.9122775727630471
chr5,15812143,A,C,50.510487382733,150,0.3481165031260748
chr4,9989138,G,C,97.93938097464161,67,0.06363805278648617
chr4,48364509,A,T,19.28092261672682,137,0.2101572642410603
chr4,13037574,C,C,59.300622494498754,151,0.4203212404611305
chr3,44020873,G,T,98.10617563369937,174,0.22524223002267763
chr5,45520680,G,G,59.99458816952742,121,0.010222497453890428
chr4,43378463,A,G,27.08337726749404,77,0.9067015069925767
chr3,7555035,C,A,62.396490708333076,49,0.8370018230063104
chr2,33735803,C,G,28.399651655459216,196,0.7374463868572082
chr2,33737614,G,T,56.77338366050358,153,0.17445830373310806
chr3,44607261,A,C,16.66379961211132,199,0.12795630468578634
chr3,16886372,T,A,64.49344022929643,141,0.07625265448293549
chr5,38622748,T,T,56.51109452153424,182,0.7195486049974628
chr5,33456981,C,C,76.61452318853168,99,0.9202318014741275
chr2,9067987,T,A,66.76304240429064,37,0.4319251044947763
chr4,2656671,C,G,59.4645641677681,105,0.1267578585561272
chr2,23458851,C,T,72.0800964323309,40,0.5121449643174645
chr4,23922481,C,C,22.954772221500775,12,0.35185526930945754
chr4,43081603,T,A,63.582369513274365,145,0.37732842586299775
chr5,18560282,C,A,25.48995425404999,33,0.6189040116725931
chr1,44497663,G,G,93.29699870666929,24,0.7143437509969583
chr1,22677072,A,C,16.150069436104378,180,0.11839152689569762
chr3,24017995,A,G,48.733727472171395,168,0.04487842619034686
chr5,21833173,C,G,72.62177298899005,54,0.9844436966320006
chr4,24394704,A,C,51.22199905014329,17,0.2380737819372408
chr1,18375113,T,C,18.28857279096121,80,0.0627539144102899
chr4,21718453,T,C,59.804111451403664,117,0.19607782251400158
chr1,10161408,A,T,67.74687179446191,124,0.04817868942149494
chr1,48439893,T,C,73.34130798914569,112,0.3939746767248282
chr1,38214417,A,A,43.5933833016483,134,0.7963537487622978
chr5,25796429,A,G,60.729397392588595,66,0.3444195607625662
chr2,21353727,A,T,50.56178274450218,39,0.4452997387407992
chr4,18941166,C,C,70.4850434877028,155,0.67207503809609
chr5,1549148,A,T,62.520127059233666,123,0.5087161886684826
chr5,37328139,C,C,57.318059760322136,126,0.8542167723008978
chr5,30844218,A,T,32.45719301544238,176,0.8587149615448414
chr5,22845218,A,G,10.181666597341053,69,0.01971248158133057
chr5,3773939,A,G,25.667350778028634,107,0.7724853803535352
chr3,36490172,T,A,20.535943728175177,180,0.4615189282368404
chr4,37989387,C,A,50.41762705098521,135,0.9790637304775898
chr5,39491142,C,C,65.10323356856603,182,0.48356743435792643
chr4,14426716,A,G,29.177650781632735,160,0.9771580264805315
chr3,28911050,A,T,94.51513863704685,103,0.7494779739816219
chr3,39710304,T,T,10.6013916301499,143,0.2536327869210402
chr4,48718021,T,T,79.50709136488086,193,0.5376270797012185
chr1,19331726,T,A,66.2684292577398,131,0.982292926689011
chr2,27996639,C,T,43.61993209429137,117,0.8503799955968853
chr1,21540338,C,A,14.544004997116712,13,0.10541955591539667
chr1,11774986,C,A,66.47379146058515,102,0.7022445568737962
chr1,5421590,A,C,44.705216157908325,160,0.3486679941533968
chr5,37089369,C,T,94.26404254718972,15,0.016842616642741157
chr3,12546081,G,T,58.77910674007893,41,0.4054113496464596
chr1,35366893,G,G,94.56863601641574,115,0.24005933329047188
chr3,30221379,T,C,29.84353241259737,155,0.8124918851100621
chr4,19495440,C,G,75.3153319327693,24,0.3405839966688502
chr2,37265058,G,C,65.55241187638532,177,0.8209732200747407
chr4,45924392,T,T,76.54674068481806,131,0.010585980058099402
chr4,32670310,C,A,29.320107757528312,105,0.31166276702559675
chr5,49958734,A,A,69.84950646139964,15,0.2463419100216067
chr2,27552476,G,A,54.82363537511821,121,0.23889601384723877
chr4,7440010,A,A,76.85424774156846,129,0.07682288737015344
chr4,9674163,C,A,39.4340179736636,132,0.1933817850022917
chr2,19279553,G,G,90.10513229187274,76,0.5544385784879075
chr2,31914222,C,C,17.587118315021534,115,0.2955338513809896
chr4,38041101,A,T,82.64703869120693,148,0.419046886682565
chr2,49548947,G,G,87.51876632335818,52,0.3793295427402448
chr4,28209162,A,C,83.5527080230139,154,0.8683868264998967
chr4,33790042,C,A,56.14537548355984,105,0.8971930190303051
chr5,38277378,C,C,49.45464820276852,141,0.49309783222274284
chr1,44429245,A,C,99.66360578723891,90,0.3335528313092923
chr4,45808939,G,A,30.62547560927459,50,0.11466468992231635
chr3,1224695,A,A,59.21883692884401,142,0.944334821794453
chr1,45924507,C,A,70.3607972844093,169,0.0690224060022915
chr1,27267668,A,T,73.07808722752887,44,0.3016972720169148
chr1,15063918,C,A,28.362219916472082,31,0.30210487714660406
chr5,49943187,A,T,68.85946831058212,159,0.3239932604174106
chr4,30933317,G,A,83.65326098332035,121,0.1710011064069611
chr5,44353746,G,T,14.5016719139001,20,0.7774982023052233
chr4,37894648,A,C,92.03691639927848,12,0.13004790472666944
chr5,21610500,A,G,12.655364963068534,146,0.6322085259700996
chr5,14245696,G,C,42.037392923955494,69,0.1313691061717011
chr3,36402297,C,C,11.423187660966587,85,0.07912492484109741
chr5,15921595,G,A,16.94306516856237,96,0.901240913612159
chr2,25363941,C,T,92.00514566620711,23,0.19632619099233156
chr3,49123406,A,G,41.937474767153304,27,0.8148251514685102
chr5,43862524,A,A,48.22943773825476,122,0.5437382536849931
chr1,38571568,C,A,29.380994324429736,82,0.0862993892165942
chr2,48424280,A,A,63.73861931680478,32,0.9463392276093061
chr2,40304715,C,C,63.532289321001066,92,0.25202194365205466
chr2,2074961,T,T,43.49803526426973,134,0.8524524384455544
chr3,22402894,G,T,39.97313846248585,184,0.1754338056688729
chr5,12950571,T,G,89.6467877362529,78,0.8468640244990158
chr5,20155151,C,T,44.495581567798126,56,0.022964236647188108
chr1,13866619,G,T,54.41508929389674,125,0.511544847438091
chr1,3474968,C,A,35.49742861824376,39,0.7640537278331256
chr2,40720592,G,A,80.80925530214147,34,0.9260996071429276
chr1,48123764,G,C,45.77033412091825,165,0.9010180934823573
chr3,23749774,G,A,56.22499418898921,121,0.813232372156692
chr5,3442266,G,A,32.80214530536953,34,0.880427522668078
chr2,5437677,C,A,98.88936331071265,83,0.20523529212033498
chr1,48347699,G,A,36.23461668313506,67,0.2885006097974942
chr3,10607366,G,C,79.36682778149965,103,0.2931891544226373
chr3,6241218,T,A,48.47460853210833,128,0.3795128523816648
chr1,27821567,A,G,28.55956645757259,136,0.39545425697748493
chr5,6481140,A,G,81.97468875683751,178,0.543664218161582
chr1,24991831,T,G,40.02461101261389,34,0.16668216809911257
chr2,32247234,T,G,87.867401265803,87,0.6874217305102696
chr1,39535694,C,A,92.37314664260407,108,0.17421520851841638
chr3,6290717,C,G,87.38414518521483,125,0.31410231246245657
chr1,35072781,C,A,13.150712332612509,57,0.503278227994031
chr5,20659206,T,C,80.86360105045951,19,0.7905117502930078
chr4,1797968,T,G,47.020551984922946,108,0.7346798485739527
chr1,37210403,G,T,88.63506281640026,20,0.6426236692823118
chr5,30163439,C,G,67.4158836416265,94,0.16265779536856675
chr5,32007736,C,G,85.02788207295626,158,0.5461044387032662
chr3,20651515,C,A,54.94885928801518,182,0.09569757176388773
chr5,8339838,A,G,58.15229541390396,144,0.37981591326071773
chr5,47791381,G,T,22.994886892030053,135,0.41524619968416
chr5,17520181,C,A,80.55886228204199,73,0.049015210656838754
chr5,15467188,C,A,47.74506505002745,11,0.2785083374805724
chr2,3938199,C,C,55.00721064444244,85,0.9465364779211596
chr2,49841287,A,C,80.65879426861369,130,0.9445599556730957
chr3,9998604,A,G,63.896086007149506,51,0.3552805131674885
chr1,39464208,T,C,28.09888546984007,63,0.05223810676935758
chr5,43721553,G,C,63.120939323580345,84,0.1855130405416179
chr1,37857821,T,C,46.68695721816902,25,0.3943734375648693
chr1,9025407,G,A,52.25729878394764,27,0.9388241040098452
chr3,22131601,A,A,12.5480146962401,196,0.14837508226644122
chr5,49055661,C,A,28.902641456465343,99,0.758245526794848
chr5,26554414,T,C,35.293427324292544,153,0.11650888858719823
chr4,27931806,C,A,74.16640070729252,15,0.9716324258434513
chr1,14476005,T,C,11.034322596830378,194,0.38398416912695227
chr1,45721695,A,A,46.789953510621885,117,0.7697298481210749
chr2,4151882,A,A,93.16241833831596,184,0.34573926115490916
chr4,33134444,A,T,20.069255489421145,57,0.6251154996156325
chr2,31319320,T,G,56.47819493967499,51,0.19817576304523601
chr2,4210016,G,C,80.78701441517623,85,0.1531005989110233
chr2,7737320,T,T,94.8278176768105,197,0.9293028567767686
chr3,36943815,G,A,77.20989755803461,86,0.9092943323463448
chr3,24773962,T,C,74.85089937799656,141,0.8797195614086247
chr2,49018519,T,A,84.38392811761862,139,0.6229247811632616
chr4,23750760,A,G,50.15810988797893,68,0.8021028469919527
chr1,33942480,C,T,82.52600793560498,164,0.07765619817314741
chr4,39836811,C,G,10.716796427090602,36,0.3380932610528656
chr5,10825144,G,T,93.21049498391244,88,0.3174290622620131
chr3,37097069,C,A,49.89758585654578,81,0.6329324155135609
chr1,9033951,T,G,59.80421690791729,16,0.3588386180012277
chr1,12779534,T,G,32.93940240233941,120,0.1555366460108072
chr5,38712981,A,A,76.82777495563793,128,0.5945377339052729
chr5,32029339,A,G,16.897222582772393,183,0.8080962422556999
chr2,10734816,C,C,88.53722222921517,72,0.3844810245707737
chr3,44721639,G,T,84.53051461057085,133,0.13962334079651206
chr3,42965471,C,T,29.445410462028974,21,0.2027544333665666
chr4,17052465,C,T,82.83919584567361,150,0.24273363906599632
chr2,43590048,C,C,80.77219597553334,52,0.3038996411346455
chr2,9962049,C,T,66.89949379785541,26,0.639939169096183
chr2,13851424,T,A,43.61681592097188,72,0.5989265748469647
chr2,42839392,G,G,34.43488787636811,129,0.6921582643356984
chr3,33356072,T,C,30.860523126041503,45,0.3652519448408829
chr3,30536204,G,T,38.67480664872464,17,0.8175176988423788
chr2,19827165,A,A,91.32025990892772,78,0.21000590793264506
chr4,9388512,C,G,16.987669838990314,99,0.46965993256779087
chr1,2947763,T,G,84.59841486276628,45,0.7949199471106017
chr1,28050901,G,C,41.40010675376412,37,0.18655547477796686
chr4,42208934,A,C,56.94394564102224,127,0.11766585146596728
chr2,34138881,A,C,81.50370702836416,102,0.8760102883342299
chr3,38436581,C,A,89.59388923206741,184,0.346071069504012
chr1,22650278,G,A,41.03032780653823,85,0.6801927224108514
chr5,9439469,T,C,51.56591331475993,110,0.03484163217865971
chr5,25455289,C,T,47.306445833511304,167,0.6862459506412606
chr4,16941617,T,G,11.19259301535195,160,0.3197792853160311
chr2,39400142,A,G,36.634859997279094,153,0.0646260365156929
chr1,43664041,T,A,51.32703103593057,23,0.6076165063171547
chr2,49243574,T,G,46.99842479923958,80,0.2459877397517098
chr1,47462256,C,T,74.97363047641115,189,0.3890710972108424
chr4,15391234,T,G,44.63232554989929,133,0.08896919604078331
chr4,25035962,C,A,54.04388040736032,134,0.15421998607304643
chr5,2443717,A,A,48.6647732919127,46,0.3020176907859269
chr2,5409352,C,T,76.65635340049334,38,0.09796431054895399
chr5,32050824,C,T,87.66751590882663,152,0.9026097393925889
chr2,22888358,G,G,57.87001711067627,184,0.015926102320298847
chr5,16329502,T,G,81.04889747756721,183,0.48418301448702517
chr3,44148703,A,A,36.71080138178655,189,0.13078250896990043
chr3,9421928,C,T,58.723264914154186,28,0.31152550768838955
chr3,26492849,A,T,41.070695830297524,115,0.9175383686219002
chr3,43307399,G,T,47.278083301464726,30,0.1684606622085071
chr1,48081137,T,G,75.91724783314017,73,0.9565156733239659
chr3,2308507,C,T,89.34962340994414,174,0.21167848944963327
chr4,21843837,T,A,20.934585197898887,36,0.736734786297493
chr4,10331795,G,A,67.11753308386425,64,0.5457437195993655
chr1,49641341,G,G,62.392942682001866,38,0.876789153044824
chr3,13382318,A,C,20.65735352583387,157,0.5529133903930683
chr3,10986298,C,G,29.07048973960982,34,0.5338680347731825
chr3,1100734,A,C,37.99022452594122,79,0.2015488403610319
chr5,9546310,G,T,25.02379637357513,72,0.17290477481062555
chr2,20628490,T,G,31.93565342719076,173,0.908159368093204
chr5,19003027,A,A,34.08407189755368,139,0.3312814348730334
chr2,27312911,A,T,40.210644973515365,159,0.374640609863638
chr3,4081091,T,A,77.44514075210431,25,0.7546271852598206
chr3,17002437,A,T,61.47209834655406,155,0.34204701277435123
chr5,21606265,T,G,98.76220047562613,191,0.9430211977062227
chr5,12091989,C,C,47.32622442707239,109,0.7331692136188243
chr2,13681730,T,T,77.84785664532325,39,0.5954806577219516
chr4,41819838,C,C,88.43215792388804,54,0.8732772573338574
chr2,47289704,T,T,71.10806437342377,28,0.058613790182493096
chr5,34283771,G,A,47.06782663757464,43,0.2619214383454246
chr5,5755469,G,A,77.82351676711777,150,0.46573560753649174
chr1,16053770,C,T,28.330042399541636,180,0.2324389686820906
chr5,27098641,C,C,39.479694866211915,71,0.7390270835561089
chr1,42528843,G,G,59.20167295893599,127,0.9108238704326507
chr4,15150540,C,G,61.78684485575335,109,0.4252947175323049
chr2,46221400,T,A,11.992732792536652,31,0.3452899481096571
chr2,28346162,T,G,95.06027698804078,189,0.9523197174948149
chr1,2992825,G,A,72.69645440956509,189,0.44595538417099
chr2,4832978,A,G,54.613337520870196,120,0.4892674324402976
chr5,31559798,T,T,93.98145109674775,173,0.35461687489506727
chr3,7152941,C,A,49.51860087257457,82,0.9013575035518956
chr1,38670243,A,A,98.23920132433346,156,0.5675763736162137
chr2,43537644,A,T,56.105628151913656,47,0.7569310954380117
chr1,44992967,T,A,20.28571929981815,79,0.8055705839838686
chr1,37286070,T,G,78.83208752133496,125,0.345012061078913
chr3,11556086,A,G,71.10079525700564,88,0.43502044469397244
chr5,24289643,A,A,79.5688049175028,194,0.8415023389181393
chr1,37458065,G,G,95.62978258531129,157,0.365990244642294
chr2,23489029,C,C,79.88403723859163,18,0.7880564307828143
chr4,2940369,G,A,65.02029419949821,41,0.9321724761229484
chr1,42681557,T,T,87.15780121247568,141,0.6207461656066469
chr1,18994276,G,C,70.59217954190784,59,0.7367947417028511
chr3,49226615,G,A,46.73071511433308,91,0.7989953658003122
chr5,26955176,G,T,89.70577878175959,14,0.8381388559187096
chr4,39233146,G,G,29.97104147059356,157,0.39715227109966006
chr2,42664130,C,T,74.31771474178518,96,0.06023818999247821
chr4,15609307,C,C,89.34071094466813,135,0.40383874581200474
chr2,36876898,A,G,75.81848677329667,84,0.670281105188408
chr5,8778748,T,A,72.75478771484713,174,0.45134337806517694
chr2,42654364,G,G,77.73744646646524,31,0.7439838878431906
chr3,2946830,A,A,51.854972347057995,195,0.3598427808792906
chr3,33997728,A,A,88.67536139413234,77,0.6320492582819489
chr3,41793419,A,T,28.30928276224821,53,0.19269140875689508
chr3,10957168,C,T,21.464777440030538,43,0.7443820479120578
chr4,39214493,G,T,35.69579021066604,86,0.5447820494367653
chr5,33880340,G,C,57.84196570974938,51,0.2099831007756686
chr2,37159646,T,C,55.95056158684043,146,0.2960729500278511
chr2,42478073,G,T,83.8538881908928,115,0.7436365344101957
chr3,36783612,G,C,46.41117907636156,104,0.4829492109482903
chr3,11717207,A,G,53.59099836623578,144,0.22171081158521078
chr1,16540627,T,G,11.203091493345607,77,0.9579257665628916
chr5,17169764,G,C,46.876531279864516,156,0.7108225194205502
chr4,10384451,C,C,68.2996809655308,168,0.9479921358890002
chr2,5188891,G,G,11.395749756393297,137,0.42856294445313636
chr1,10014653,A,A,35.279376866761936,172,0.4755983338778861
chr1,15064147,C,G,28.716072336045094,194,0.8899961118613188
chr2,21808635,A,G,13.77868860186294,94,0.5245483534404769
chr4,39049943,G,C,53.13340809230837,198,0.7031333336675538
chr1,33884400,C,G,26.355096390534086,168,0.2571294199456194
chr1,3363999,T,C,76.8773385668242,92,0.44779193932858774
chr5,43663528,T,C,86.31350953870137,104,0.130980868494148
chr4,5790691,C,T,59.1026664402233,190,0.21186043515942246
chr1,28950196,C,G,98.35366082690274,41,0.010924546962278466
chr4,22003105,A,A,50.54307143235358,75,0.04847975061568703
chr2,10852415,C,T,56.203138920242395,196,0.9677381467133908
chr3,18066318,A,C,99.02959785619751,125,0.24750662123402706
chr1,44279777,G,C,30.839359236854392,147,0.660044495313922
chr5,49115625,A,A,94.82913457092147,139,0.8323177048236193
chr2,34321714,C,C,13.855379960720192,69,0.549647250051833
chr4,12186361,C,G,50.17482012368753,26,0.1600816100822771
chr2,27256629,G,T,16.30031609197592,105,0.723554108589443
chr1,33371979,C,C,75.63112686222787,153,0.5982463818975914
chr4,38998210,C,C,64.7568042292016,25,0.7266255775604276
chr3,29175911,T,A,73.59708371208367,55,0.7643516903999454
chr2,34814548,T,G,43.703235997121524,176,0.9659021603310501
chr1,7086368,G,C,43.25337406282423,168,0.5720920144261757
chr5,29207970,A,A,14.078735106480515,116,0.3448082904367898
chr4,45561177,T,C,41.49504455766758,97,0.6454952657622324
chr2,12950831,A,A,93.63595620358535,138,0.0770718950577736
chr2,35812381,C,A,44.13038834624041,148,0.8894493719551546
chr3,34535574,T,G,84.8230935599773,128,0.12699339111143285
chr3,33386345,G,C,85.80929542749406,94,0.33128598112810187
chr5,14607851,G,G,43.591704074131044,13,0.8094304730135985
chr5,12360589,G,A,66.87898123565702,80,0.5953661307640976
chr1,40092598,T,T,18.583444204575276,163,0.3957628098718933
chr1,30124900,A,C,19.331072266084885,120,0.473966946187521
chr5,46677380,C,T,14.379189729554199,59,0.8474564453381367
chr5,29487589,A,C,62.29135840375985,149,0.3432042983386943
chr4,34942508,A,G,48.34638798634873,104,0.8622566911159278
chr3,16648245,C,G,59.32291209978161,101,0.09637174235715766
chr1,49854843,C,G,56.89658714575491,74,0.7712624684644581
chr3,34523310,T,G,41.518269198165726,56,0.8405966803936417
chr3,6540070,T,G,70.97260733411255,190,0.18818129978059198
chr5,28364435,T,T,78.26516928247516,115,0.43173960172475645
chr4,7491878,T,G,11.316543298990814,139,0.1721897791703825
chr2,32241029,T,A,28.651806979199048,115,0.7024720464143334
chr4,2960826,C,A,74.19122812750031,33,0.5346408127004236
chr4,3844664,A,T,44.79581553704508,13,0.6326168797741546
chr3,37167707,T,C,69.62355522474473,117,0.20255722761708694
chr4,35932801,T,A,41.226639376110256,28,0.21751094481137115
chr1,3090212,A,C,45.16796370966734,163,0.050667378999708246
chr3,39785284,T,T,24.281098632071643,49,0.32562618449181513
chr1,45185024,A,C,33.2407917699544,59,0.5585497681070014
chr2,34707431,A,C,64.48705817568285,180,0.8507762157173823
chr3,22320139,C,C,48.984680018364976,84,0.6635888985095071
chr2,26227191,G,C,79.68724146501356,21,0.43668839693175643
chr3,26919139,C,T,86.73264594445085,36,0.944057712106255
chr5,5600108,G,A,58.748177639508384,122,0.7148602965643153
chr4,12393942,G,G,78.24405628504532,191,0.921561898805299
chr5,3854190,G,C,37.6214061875113,58,0.5270362138067224
chr2,2284382,T,A,47.34740938600704,153,0.2637261892972768
chr4,8196042,C,A,74.14999085951479,139,0.06177015263742755
chr3,38407753,G,T,44.75907935353276,69,0.7215631544541735
chr4,48230658,A,A,62.96544416430899,191,0.12887693804542344
chr1,20432053,T,T,26.683550117426034,39,0.30671962570652783
chr4,12872847,C,C,63.97941834734482,93,0.5318214897262195
chr1,18819593,G,C,87.53623365042043,175,0.5631282560241527
chr4,49436828,A,G,88.1775675841083,37,0.5985715330473933
chr1,39131465,C,G,75.19099656965857,34,0.17293022374270664
chr2,4257181,C,G,77.11780411685135,105,0.3821426567252158
chr5,23039912,T,A,60.213470063563065,134,0.6148503425746273
chr3,39708480,C,C,62.62012811492423,19,0.960422487341109
chr4,42916167,T,T,22.02855232694662,197,0.7230785149456949
chr5,34371818,G,G,49.9473269579171,51,0.9141516819520786
chr3,48602635,T,T,50.56986554977274,49,0.7569678171478935
chr3,16686144,A,T,96.26480521009661,86,0.5898826295145524
chr1,11856760,T,G,48.79781763609605,114,0.19818290175361766
chr2,47350911,A,C,59.440838041248185,127,0.6633519388546628
chr2,49830419,T,G,57.99262593511922,51,0.6209119746407089
chr5,19720027,C,T,67.30855453398945,56,0.6004197870481212
chr2,24284856,G,G,77.34095481987063,174,0.48999015062847595
chr4,9705956,A,T,30.253768855378492,31,0.5280834719094901
chr2,33446436,T,T,57.58519771885921,194,0.337753676575742
chr5,10714891,T,G,84.33259365844273,116,0.5189264387894571
chr2,26258148,T,A,51.680324245376035,36,0.20360478756490868
chr4,3320688,C,G,35.06117917362157,50,0.7990709094131693
chr1,2805808,C,A,68.92381678206692,89,0.19206141560473367
chr5,10709175,A,T,84.13906562192106,171,0.09326696409167708
chr1,38774891,A,T,15.682626363465218,169,0.43752110583001425
chr1,39090551,C,A,79.91114350665045,98,0.6551412907159406
chr1,32049883,A,T,83.94831396655941,75,0.4389624884348705
chr3,21792686,G,A,51.53706348297461,21,0.2812190493122824
chr3,39209230,G,A,98.49750911366206,177,0.5570077602126319
chr1,49383877,C,T,80.80375066365782,82,0.35006228870395595
chr5,12666027,A,C,79.62963084060992,85,0.9242103363241004
chr4,38176570,T,A,77.30547169708646,99,0.9141922368115006
chr4,11929084,G,G,23.554729289644662,19,0.5023243835726535
chr2,13617619,C,G,29.550779780770974,105,0.3313263141378934
chr5,18715057,A,T,51.75911183179825,185,0.7323897656775064
chr3,10955661,C,C,33.76039149635193,29,0.04597868461340531
chr1,44859585,T,T,47.37168751006364,48,0.4752736259227782
chr2,21709657,G,C,89.96176989306286,69,0.3395969263849269
chr4,35761500,C,A,84.18942026913423,75,0.9121251674005035
chr3,26560098,C,A,66.7035890631984,74,0.02176296672722889
chr3,35941412,C,A,87.23083548259932,188,0.5517585782039821
chr1,45799034,T,A,80.53951501155242,133,0.7358503094452935
chr4,16702852,C,G,48.60864386568014,173,0.4853176277735604
chr5,42055392,T,G,28.09586368449506,161,0.09369496955946723
chr3,32073264,T,T,56.27809360084053,164,0.9630121622273442
chr1,29113586,T,C,76.26059942756952,139,0.517650222748576
chr5,45336333,G,A,49.27776388566337,168,0.6119025194326312
chr4,4040267,G,A,70.00947188055075,66,0.24187758705335718
chr3,34149417,C,C,18.489468366193925,87,0.48382812340466774
chr5,30008147,C,C,77.3204262734263,38,0.4305665021191554
chr5,10685684,G,T,83.14422579037559,24,0.08339792516194405
chr5,48876337,A,C,73.61540702024871,21,0.11403714647651787
chr3,22217066,G,A,97.0537228773729,110,0.830723069226399
chr3,8536765,T,A,84.39868517145764,165,0.24502355316245844
chr2,46658328,G,A,91.27843550888845,93,0.20105910606865793
chr4,19673436,T,A,94.02139751118833,134,0.5048132222251365
chr1,37693176,C,A,82.12131926864276,112,0.7633721887352627
chr5,9535078,A,T,70.68329578058493,33,0.07070758820740816
chr2,7935774,C,A,10.514672322471036,158,0.5752717612454907
chr1,19144439,T,T,51.924317790081226,147,0.1268262339837619
chr2,27220970,T,A,61.404606876012494,119,0.04573182980910609
chr3,20205297,T,G,37.362724520319965,87,0.061689073118973044
chr5,46587883,A,G,38.62940022131249,110,0.8274808260442725
chr1,5273445,G,G,96.50434741391487,155,0.12561303395550033
chr1,4184790,C,G,90.25397786824713,151,0.054248337124046114
chr1,34134205,C,T,86.42611049515338,171,0.43914188940005405
chr1,48480620,G,T,46.54106215354996,137,0.8371136025031843
chr1,13529971,C,C,11.232869536802308,67,0.2671602089595159
chr2,7681935,A,A,17.220002181014266,85,0.4232783651753981
chr5,10963441,C,G,38.09767313958433,159,0.0491240819124762
chr3,7689142,T,T,11.416862169610928,45,0.45009694385217835
chr3,27336263,G,A,11.54348037236783,182,0.576060819024391
chr3,5990961,A,A,92.494297147817,173,0.5694889126771019
chr3,4646804,G,T,73.55426519071486,31,0.3357781583308779
chr2,1647296,A,G,37.80603910613374,136,0.3192225170498728
chr4,4122951,T,C,21.938011984085783,89,0.11449114655786592
chr5,27844511,G,A,56.04721461055694,198,0.369462354233343
chr1,1800101,C,C,10.4811544768928,109,0.10750477549550536
chr4,38655044,A,G,94.45723694723296,193,0.7612640258178106
chr3,44902446,G,G,47.33336074500525,105,0.9569488117932221
chr4,23655061,C,C,46.21014597135995,170,0.9606729675333727
chr5,23791342,G,G,45.153424682360395,182,0.857769677387886
chr1,23015777,G,A,16.23954973489883,173,0.5987763063528267
chr1,24116992,G,C,67.44900158126438,157,0.6968483832990023
chr5,43907958,A,G,75.97032576655181,27,0.2895016866268058
chr5,43439798,C,C,70.85128578294612,47,0.6281550117691682
chr3,31555353,T,A,22.45919439964549,160,0.45653655845107993
chr1,49846793,A,G,62.09561512320333,118,0.48237699298139386
chr4,9121757,A,A,61.253603575502844,132,0.7526210291676548
chr2,42971665,A,G,88.15697091472438,153,0.2862799884853066
chr2,37387984,T,T,44.12148925380823,196,0.3216788194606295
chr5,12820569,C,G,43.43373492934908,158,0.9161489553060639
chr3,41930951,C,C,65.6674352846367,113,0.0650998089539528
chr2,23479150,C,G,66.97653881495617,149,0.4859216124450736
chr1,35831079,G,A,52.235670459321135,153,0.9045447843997044
chr5,13431216,G,A,49.8753426097379,90,0.6081557476617938
chr4,17040922,G,G,54.47329035740944,96,0.5454789327278894
chr5,39971207,T,C,87.49407695529807,151,0.2547492956447681
chr4,9704813,G,T,51.5050211128519,70,0.3464099792831593
chr5,20921696,T,C,94.59386127728402,55,0.845007447488599
chr5,30461504,C,T,55.360338723669344,41,0.558033769133089
chr5,15497054,G,A,95.42806238628023,24,0.5144473498816443
chr4,12319247,G,C,84.95487116821681,53,0.10758811926922834
chr4,14913140,A,T,42.61881903542462,154,0.025707593326020656
chr5,47048559,T,G,87.72772791669544,178,0.9544114849133081
chr2,46560900,C,A,19.90569557810037,63,0.3794464439411048
chr3,21717501,A,G,93.2542457808713,53,0.6011488008575142
chr3,7851803,A,A,66.84791635746025,107,0.08812077172353928
chr3,14045697,C,C,14.895167367008007,14,0.6794520000085856
chr4,49120511,A,C,67.98310512857304,118,0.9239153745318417
chr4,6742533,T,A,97.68228887302806,36,0.5741519479374713
chr2,25101438,T,A,16.282058915316604,125,0.13359301592790235
chr3,37181576,G,A,59.92189388020777,96,0.5800870969240072
chr3,31338208,A,C,77.30149147834352,113,0.7610202688425594
chr5,3825896,G,T,82.92327280295783,132,0.4082882058425383
chr4,39491224,A,G,47.24447187887163,88,0.8722409929826385
chr3,49870063,T,G,28.37499032514187,52,0.6457092942902172
chr2,11427148,T,C,13.810805089514545,106,0.8912639399234185
chr2,5876872,T,G,62.17535413875023,40,0.6210352050223905
chr3,20397196,A,A,50.76199632408497,108,0.13866221256472774
chr4,32935646,T,T,95.38699556347399,26,0.31349787688308534
chr2,18498600,A,G,15.454441694341881,92,0.2077590492874078
chr5,16099203,G,T,71.68558091014052,119,0.900649967762525
chr2,43462817,A,A,12.246959990805145,191,0.755192065941733
chr1,17320131,G,G,25.429075903948846,199,0.6728704015318059
chr1,49719461,A,C,50.82210999305507,41,0.3049469932389893
chr4,3887698,G,T,50.93851985225814,177,0.19036387660920925
chr3,48119813,T,A,71.71304886402795,150,0.7513220662291336
